,puzzle,time
0,227,0.10204
1,228,0.04771
2,229,0.0475
3,230,0.01559
4,231,0.0308
5,232,0.02054
6,233,0.07928
7,234,0.10904
8,235,0.01092
9,236,0.12957
10,237,0.01585
11,238,0.03192
12,239,0.0161
13,240,0.04366
14,241,0.02019
15,242,0.67064
16,243,0.0157
17,244,0.00292
18,245,0.03184
19,246,0.15338
