,puzzle,time
0,227,0.0923
1,228,0.04707
2,229,0.04872
3,230,0.03198
4,231,0.01614
5,232,0.00847
6,233,0.09311
7,234,0.06343
8,235,0.06393
9,236,0.09482
10,237,0.017
11,238,0.02925
12,239,0.08054
13,240,0.03174
14,241,0.01606
15,242,0.86454
16,243,0.02475
17,244,0.01589
18,245,0.06394
19,246,0.17115
